{"payload":{"local_timestamp":1697880290321,"output":"\u001b[1;38;5;39mCOMET INFO:\u001b[0m Experiment is live on comet.com \u001b[38;5;39mhttps://www.comet.com/tochsner/general/5c1a4e6f262b4a4b820b514b58de458e\u001b[0m\n\n","stderr":true},"type":"standard_output"}
{"payload":{"key":"Created from","value":"pytorch-lightning"},"type":"log_other"}
{"payload":{"graph":"PredictionCNN(\n  (embedding): Embedding(3, 32)\n  (conv_layers): ModuleList(\n    (0-2): 3 x Conv1d(32, 32, kernel_size=(5,), stride=(1,))\n  )\n  (fully_connected_layer): Linear(in_features=3360, out_features=32, bias=True)\n  (fitness_layer): Linear(in_features=32, out_features=1, bias=True)\n)"},"type":"graph"}
{"payload":{"local_timestamp":1697880290334,"output":"/Users/tobiaochsner/Documents/ETH/GeneticFitness/.venv/lib/python3.11/site-packages/lightning/pytorch/trainer/connectors/data_connector.py:442: PossibleUserWarning: The dataloader, test_dataloader, does not have many workers which may be a bottleneck. Consider increasing the value of the `num_workers` argument` (try 8 which is the number of cpus on this machine) in the `DataLoader` init to improve performance.\n  rank_zero_warn(\n","stderr":true},"type":"standard_output"}
{"payload":{"local_timestamp":1697880290341,"output":"\rTesting: 0it [00:00, ?it/s]","stderr":false},"type":"standard_output"}
{"payload":{"local_timestamp":1697880290348,"output":"\rTesting:   0%|                                                                                                                                         | 0/3 [00:00<?, ?it/s]","stderr":false},"type":"standard_output"}
{"payload":{"local_timestamp":1697880290348,"output":"\rTesting DataLoader 0:   0%|                                                                                                                            | 0/3 [00:00<?, ?it/s]","stderr":false},"type":"standard_output"}
{"payload":{"local_timestamp":1697880290358,"output":"\rTesting DataLoader 0:  33%|\u2588\u2588\u2588\u2588\u2588\u2588\u2588\u2588\u2588\u2588\u2588\u2588\u2588\u2588\u2588\u2588\u2588\u2588\u2588\u2588\u2588\u2588\u2588\u2588\u2588\u2588\u2588\u2588\u2588\u2588\u2588\u2588\u2588\u2588\u2588\u2588\u2588\u2588\u258b                                                                             | 1/3 [00:00<00:00, 98.92it/s]","stderr":false},"type":"standard_output"}
{"payload":{"local_timestamp":1697880290369,"output":"\rTesting DataLoader 0:  67%|\u2588\u2588\u2588\u2588\u2588\u2588\u2588\u2588\u2588\u2588\u2588\u2588\u2588\u2588\u2588\u2588\u2588\u2588\u2588\u2588\u2588\u2588\u2588\u2588\u2588\u2588\u2588\u2588\u2588\u2588\u2588\u2588\u2588\u2588\u2588\u2588\u2588\u2588\u2588\u2588\u2588\u2588\u2588\u2588\u2588\u2588\u2588\u2588\u2588\u2588\u2588\u2588\u2588\u2588\u2588\u2588\u2588\u2588\u2588\u2588\u2588\u2588\u2588\u2588\u2588\u2588\u2588\u2588\u2588\u2588\u2588\u2588\u2588\u2588\u2588\u2588\u2588\u258e                                      | 2/3 [00:00<00:00, 95.74it/s]","stderr":false},"type":"standard_output"}
{"payload":{"local_timestamp":1697880290374,"output":"\rTesting DataLoader 0: 100%|\u2588\u2588\u2588\u2588\u2588\u2588\u2588\u2588\u2588\u2588\u2588\u2588\u2588\u2588\u2588\u2588\u2588\u2588\u2588\u2588\u2588\u2588\u2588\u2588\u2588\u2588\u2588\u2588\u2588\u2588\u2588\u2588\u2588\u2588\u2588\u2588\u2588\u2588\u2588\u2588\u2588\u2588\u2588\u2588\u2588\u2588\u2588\u2588\u2588\u2588\u2588\u2588\u2588\u2588\u2588\u2588\u2588\u2588\u2588\u2588\u2588\u2588\u2588\u2588\u2588\u2588\u2588\u2588\u2588\u2588\u2588\u2588\u2588\u2588\u2588\u2588\u2588\u2588\u2588\u2588\u2588\u2588\u2588\u2588\u2588\u2588\u2588\u2588\u2588\u2588\u2588\u2588\u2588\u2588\u2588\u2588\u2588\u2588\u2588\u2588\u2588\u2588\u2588\u2588\u2588\u2588\u2588\u2588\u2588\u2588\u2588\u2588\u2588\u2588\u2588| 3/3 [00:00<00:00, 113.67it/s]","stderr":false},"type":"standard_output"}
{"payload":{"local_timestamp":1697880290375,"param":{"paramName":"curr_step","paramValue":450,"source":"auto-logged","step":450}},"type":"parameter_msg"}
{"payload":{"local_timestamp":1697880290376,"param":{"paramName":"curr_epoch","paramValue":50,"source":"auto-logged","step":450}},"type":"parameter_msg"}
{"payload":{"local_timestamp":1697880290376,"metric":{"epoch":50,"metricName":"test_loss","metricValue":0.2255275696516037,"step":450}},"type":"metric_msg"}
{"payload":{"local_timestamp":1697880290376,"output":"\rTesting DataLoader 0: 100%|\u2588\u2588\u2588\u2588\u2588\u2588\u2588\u2588\u2588\u2588\u2588\u2588\u2588\u2588\u2588\u2588\u2588\u2588\u2588\u2588\u2588\u2588\u2588\u2588\u2588\u2588\u2588\u2588\u2588\u2588\u2588\u2588\u2588\u2588\u2588\u2588\u2588\u2588\u2588\u2588\u2588\u2588\u2588\u2588\u2588\u2588\u2588\u2588\u2588\u2588\u2588\u2588\u2588\u2588\u2588\u2588\u2588\u2588\u2588\u2588\u2588\u2588\u2588\u2588\u2588\u2588\u2588\u2588\u2588\u2588\u2588\u2588\u2588\u2588\u2588\u2588\u2588\u2588\u2588\u2588\u2588\u2588\u2588\u2588\u2588\u2588\u2588\u2588\u2588\u2588\u2588\u2588\u2588\u2588\u2588\u2588\u2588\u2588\u2588\u2588\u2588\u2588\u2588\u2588\u2588\u2588\u2588\u2588\u2588\u2588\u2588\u2588\u2588\u2588\u2588| 3/3 [00:00<00:00, 107.93it/s]","stderr":false},"type":"standard_output"}
{"payload":{"local_timestamp":1697880290376,"output":"\n","stderr":false},"type":"standard_output"}
{"payload":{"local_timestamp":1697880290377,"output":"\u250f\u2501\u2501\u2501\u2501\u2501\u2501\u2501\u2501\u2501\u2501\u2501\u2501\u2501\u2501\u2501\u2501\u2501\u2501\u2501\u2501\u2501\u2501\u2501\u2501\u2501\u2501\u2501\u2533\u2501\u2501\u2501\u2501\u2501\u2501\u2501\u2501\u2501\u2501\u2501\u2501\u2501\u2501\u2501\u2501\u2501\u2501\u2501\u2501\u2501\u2501\u2501\u2501\u2501\u2501\u2501\u2513\n\u2503\u001b[1m \u001b[0m\u001b[1m  Runningstage.testing   \u001b[0m\u001b[1m \u001b[0m\u2503\u001b[1m                           \u001b[0m\u2503\n\u2503\u001b[1m \u001b[0m\u001b[1m         metric          \u001b[0m\u001b[1m \u001b[0m\u2503\u001b[1m \u001b[0m\u001b[1m      DataLoader 0       \u001b[0m\u001b[1m \u001b[0m\u2503\n\u2521\u2501\u2501\u2501\u2501\u2501\u2501\u2501\u2501\u2501\u2501\u2501\u2501\u2501\u2501\u2501\u2501\u2501\u2501\u2501\u2501\u2501\u2501\u2501\u2501\u2501\u2501\u2501\u2547\u2501\u2501\u2501\u2501\u2501\u2501\u2501\u2501\u2501\u2501\u2501\u2501\u2501\u2501\u2501\u2501\u2501\u2501\u2501\u2501\u2501\u2501\u2501\u2501\u2501\u2501\u2501\u2529\n\u2502\u001b[36m \u001b[0m\u001b[36m        test_loss        \u001b[0m\u001b[36m \u001b[0m\u2502\u001b[35m \u001b[0m\u001b[35m   0.2255275696516037    \u001b[0m\u001b[35m \u001b[0m\u2502\n\u2514\u2500\u2500\u2500\u2500\u2500\u2500\u2500\u2500\u2500\u2500\u2500\u2500\u2500\u2500\u2500\u2500\u2500\u2500\u2500\u2500\u2500\u2500\u2500\u2500\u2500\u2500\u2500\u2534\u2500\u2500\u2500\u2500\u2500\u2500\u2500\u2500\u2500\u2500\u2500\u2500\u2500\u2500\u2500\u2500\u2500\u2500\u2500\u2500\u2500\u2500\u2500\u2500\u2500\u2500\u2500\u2518\n","stderr":false},"type":"standard_output"}
{"payload":{"local_timestamp":1697880290390,"output":"\u001b[1;38;5;39mCOMET INFO:\u001b[0m ---------------------------------------------------------------------------------------\n","stderr":true},"type":"standard_output"}
{"payload":{"local_timestamp":1697880290390,"output":"\u001b[1;38;5;39mCOMET INFO:\u001b[0m Comet.ml ExistingExperiment Summary\n","stderr":true},"type":"standard_output"}
{"payload":{"local_timestamp":1697880290390,"output":"\u001b[1;38;5;39mCOMET INFO:\u001b[0m ---------------------------------------------------------------------------------------\n","stderr":true},"type":"standard_output"}
{"payload":{"local_timestamp":1697880290390,"output":"\u001b[1;38;5;39mCOMET INFO:\u001b[0m   Data:\n","stderr":true},"type":"standard_output"}
{"payload":{"local_timestamp":1697880290390,"output":"\u001b[1;38;5;39mCOMET INFO:\u001b[0m     display_summary_level : 1\n","stderr":true},"type":"standard_output"}
{"payload":{"local_timestamp":1697880290390,"output":"\u001b[1;38;5;39mCOMET INFO:\u001b[0m     url                   : \u001b[38;5;39mhttps://www.comet.com/tochsner/general/5c1a4e6f262b4a4b820b514b58de458e\u001b[0m\n","stderr":true},"type":"standard_output"}
{"payload":{"local_timestamp":1697880290390,"output":"\u001b[1;38;5;39mCOMET INFO:\u001b[0m   Metrics:\n","stderr":true},"type":"standard_output"}
{"payload":{"local_timestamp":1697880290390,"output":"\u001b[1;38;5;39mCOMET INFO:\u001b[0m     test_loss : 0.2255275696516037\n","stderr":true},"type":"standard_output"}
{"payload":{"local_timestamp":1697880290391,"output":"\u001b[1;38;5;39mCOMET INFO:\u001b[0m   Others:\n","stderr":true},"type":"standard_output"}
{"payload":{"local_timestamp":1697880290391,"output":"\u001b[1;38;5;39mCOMET INFO:\u001b[0m     Created from : pytorch-lightning\n","stderr":true},"type":"standard_output"}
{"payload":{"local_timestamp":1697880290391,"output":"\u001b[1;38;5;39mCOMET INFO:\u001b[0m   Uploads:\n","stderr":true},"type":"standard_output"}
{"payload":{"local_timestamp":1697880290391,"output":"\u001b[1;38;5;39mCOMET INFO:\u001b[0m     model graph : 1\n","stderr":true},"type":"standard_output"}
{"payload":{"local_timestamp":1697880290391,"output":"\u001b[1;38;5;39mCOMET INFO:\u001b[0m \n","stderr":true},"type":"standard_output"}
{"payload":{"local_timestamp":1697880290391,"output":"\u001b[1;38;5;214mCOMET WARNING:\u001b[0m To get all data logged automatically, import comet_ml before the following modules: torch, sklearn.\n","stderr":true},"type":"standard_output"}
{"payload":{"key":"sys.already_imported_modules","value":"[\"torch\", \"sklearn\"]"},"type":"log_other"}
